<?xml version="1.0" encoding="utf-8"?>
<helpItems schema="maml" xmlns="http://msh">
  <command:command
    xmlns:maml="http://schemas.microsoft.com/maml/2004/10"
    xmlns:command="http://schemas.microsoft.com/maml/dev/command/2004/10"
    xmlns:dev="http://schemas.microsoft.com/maml/dev/2004/10"
    xmlns:MSHelp="http://msdn.microsoft.com/mshelp">
    <command:details>
      <command:name>Invoke-TrustedSigning</command:name>
      <command:verb>Invoke</command:verb>
      <command:noun>TrustedSigning</command:noun>
      <maml:description>
        <maml:para>Sign files with the Trusted Signing service.</maml:para>
      </maml:description>
    </command:details>
    <maml:description>
      <maml:para>Sign files with the Trusted Signing service. Before you can perform this operation, you need to create an Trusted Signing account and install the .NET 6 runtime. Authentication is handled by "DefaultAzureCredential".</maml:para>
    </maml:description>
    <command:syntax>
      <command:syntaxItem>
        <maml:name>Invoke-TrustedSigning</maml:name>
        <command:parameter required="true" variableLength="true" globbing="false" pipelineInput="false" position="named" aliases="none">
          <maml:name>Endpoint</maml:name>
        </command:parameter>
        <command:parameter required="true" variableLength="true" globbing="false" pipelineInput="false" position="named" aliases="none">
          <maml:name>CodeSigningAccountName</maml:name>
        </command:parameter>
        <command:parameter required="true" variableLength="true" globbing="false" pipelineInput="false" position="named" aliases="none">
          <maml:name>CertificateProfileName</maml:name>
        </command:parameter>
        <command:parameter required="true" variableLength="true" globbing="false" pipelineInput="false" position="named" aliases="none">
          <maml:name>FileDigest</maml:name>
        </command:parameter>
        <command:parameter required="false" variableLength="true" globbing="false" pipelineInput="false" position="named" aliases="none">
          <maml:name>FileDigest</maml:name>
        </command:parameter>
        <command:parameter required="false" variableLength="true" globbing="false" pipelineInput="false" position="named" aliases="none">
          <maml:name>FilesFolder</maml:name>
        </command:parameter>
        <command:parameter required="false" variableLength="true" globbing="false" pipelineInput="false" position="named" aliases="none">
          <maml:name>FilesFolderFilter</maml:name>
        </command:parameter>
        <command:parameter required="false" variableLength="true" globbing="false" pipelineInput="false" position="named" aliases="none">
          <maml:name>FilesFolderRecurse</maml:name>
        </command:parameter>
        <command:parameter required="false" variableLength="true" globbing="false" pipelineInput="false" position="named" aliases="none">
          <maml:name>FilesFolderDepth</maml:name>
        </command:parameter>
        <command:parameter required="false" variableLength="true" globbing="false" pipelineInput="false" position="named" aliases="none">
          <maml:name>FilesCatalog</maml:name>
        </command:parameter>
        <command:parameter required="false" variableLength="true" globbing="false" pipelineInput="false" position="named" aliases="none">
          <maml:name>TimestampRfc3161</maml:name>
        </command:parameter>
        <command:parameter required="false" variableLength="true" globbing="false" pipelineInput="false" position="named" aliases="none">
          <maml:name>TimestampDigest</maml:name>
        </command:parameter>
        <command:parameter required="false" variableLength="true" globbing="false" pipelineInput="false" position="named" aliases="none">
          <maml:name>AppendSignature</maml:name>
        </command:parameter>
        <command:parameter required="false" variableLength="true" globbing="false" pipelineInput="false" position="named" aliases="none">
          <maml:name>Description</maml:name>
        </command:parameter>
        <command:parameter required="false" variableLength="true" globbing="false" pipelineInput="false" position="named" aliases="none">
          <maml:name>DescriptionUrl</maml:name>
        </command:parameter>
        <command:parameter required="false" variableLength="true" globbing="false" pipelineInput="false" position="named" aliases="none">
          <maml:name>GenerateDigestPath</maml:name>
        </command:parameter>
        <command:parameter required="false" variableLength="true" globbing="false" pipelineInput="false" position="named" aliases="none">
          <maml:name>GenerateDigestXml</maml:name>
        </command:parameter>
        <command:parameter required="false" variableLength="true" globbing="false" pipelineInput="false" position="named" aliases="none">
          <maml:name>IngestDigestPath</maml:name>
        </command:parameter>
        <command:parameter required="false" variableLength="true" globbing="false" pipelineInput="false" position="named" aliases="none">
          <maml:name>SignDigest</maml:name>
        </command:parameter>
        <command:parameter required="false" variableLength="true" globbing="false" pipelineInput="false" position="named" aliases="none">
          <maml:name>GeneratePageHashes</maml:name>
        </command:parameter>
        <command:parameter required="false" variableLength="true" globbing="false" pipelineInput="false" position="named" aliases="none">
          <maml:name>SuppressPageHashes</maml:name>
        </command:parameter>
        <command:parameter required="false" variableLength="true" globbing="false" pipelineInput="false" position="named" aliases="none">
          <maml:name>GeneratePkcs7</maml:name>
        </command:parameter>
        <command:parameter required="false" variableLength="true" globbing="false" pipelineInput="false" position="named" aliases="none">
          <maml:name>Pkcs7Options</maml:name>
        </command:parameter>
        <command:parameter required="false" variableLength="true" globbing="false" pipelineInput="false" position="named" aliases="none">
          <maml:name>Pkcs7Oid</maml:name>
        </command:parameter>
        <command:parameter required="false" variableLength="true" globbing="false" pipelineInput="false" position="named" aliases="none">
          <maml:name>EnhancedKeyUsage</maml:name>
        </command:parameter>
        <command:parameter required="false" variableLength="true" globbing="false" pipelineInput="false" position="named" aliases="none">
          <maml:name>ExcludeEnvironmentCredential</maml:name>
        </command:parameter>
        <command:parameter required="false" variableLength="true" globbing="false" pipelineInput="false" position="named" aliases="none">
          <maml:name>ExcludeWorkloadIdentityCredential</maml:name>
        </command:parameter>
        <command:parameter required="false" variableLength="true" globbing="false" pipelineInput="false" position="named" aliases="none">
          <maml:name>ExcludeManagedIdentityCredential</maml:name>
        </command:parameter>
        <command:parameter required="false" variableLength="true" globbing="false" pipelineInput="false" position="named" aliases="none">
          <maml:name>ExcludeSharedTokenCacheCredential</maml:name>
        </command:parameter>
        <command:parameter required="false" variableLength="true" globbing="false" pipelineInput="false" position="named" aliases="none">
          <maml:name>ExcludeVisualStudioCredential</maml:name>
        </command:parameter>
        <command:parameter required="false" variableLength="true" globbing="false" pipelineInput="false" position="named" aliases="none">
          <maml:name>ExcludeVisualStudioCodeCredential</maml:name>
        </command:parameter>
        <command:parameter required="false" variableLength="true" globbing="false" pipelineInput="false" position="named" aliases="none">
          <maml:name>ExcludeAzureCliCredential</maml:name>
        </command:parameter>
        <command:parameter required="false" variableLength="true" globbing="false" pipelineInput="false" position="named" aliases="none">
          <maml:name>ExcludeAzurePowerShellCredential</maml:name>
        </command:parameter>
        <command:parameter required="false" variableLength="true" globbing="false" pipelineInput="false" position="named" aliases="none">
          <maml:name>ExcludeAzureDeveloperCliCredential</maml:name>
        </command:parameter>
        <command:parameter required="false" variableLength="true" globbing="false" pipelineInput="false" position="named" aliases="none">
          <maml:name>ExcludeInteractiveBrowserCredential</maml:name>
        </command:parameter>
        <command:parameter required="false" variableLength="true" globbing="false" pipelineInput="false" position="named" aliases="none">
          <maml:name>Timeout</maml:name>
        </command:parameter>
        <command:parameter required="false" variableLength="true" globbing="false" pipelineInput="false" position="named" aliases="none">
          <maml:name>BatchSize</maml:name>
        </command:parameter>
      </command:syntaxItem>
    </command:syntax>
    <command:parameters>
      <command:parameter required="true" variableLength="true" globbing="false" pipelineInput="false" position="named" aliases="none">
        <maml:name>Endpoint</maml:name>
        <maml:Description>
          <maml:para>The Code Signing Account endpoint. The URI value must have a URI that aligns to the region your Code Signing Account and Certificate Profile you are specifying were created in during the setup of these resources.</maml:para>
        </maml:Description>
        <command:parameterValue required="true" variableLength="false">System.String</command:parameterValue>
        <dev:type>
          <maml:name>System.String</maml:name>
          <maml:uri />
        </dev:type>
        <dev:defaultValue>None</dev:defaultValue>
      </command:parameter>
      <command:parameter required="true" variableLength="true" globbing="false" pipelineInput="false" position="named" aliases="none">
        <maml:name>CodeSigningAccountName</maml:name>
        <maml:Description>
          <maml:para>The Code Signing Account name.</maml:para>
        </maml:Description>
        <command:parameterValue required="true" variableLength="false">System.String</command:parameterValue>
        <dev:type>
          <maml:name>System.String</maml:name>
          <maml:uri />
        </dev:type>
        <dev:defaultValue>None</dev:defaultValue>
      </command:parameter>
      <command:parameter required="true" variableLength="true" globbing="false" pipelineInput="false" position="named" aliases="none">
        <maml:name>CertificateProfileName</maml:name>
        <maml:Description>
          <maml:para>The Certificate Profile name.</maml:para>
        </maml:Description>
        <command:parameterValue required="true" variableLength="false">System.String</command:parameterValue>
        <dev:type>
          <maml:name>System.String</maml:name>
          <maml:uri />
        </dev:type>
        <dev:defaultValue>None</dev:defaultValue>
      </command:parameter>
      <command:parameter required="true" variableLength="true" globbing="false" pipelineInput="false" position="named" aliases="none">
        <maml:name>FileDigest</maml:name>
        <maml:Description>
          <maml:para>The name of the digest algorithm used for hashing the file being signed.</maml:para>
        </maml:Description>
        <command:parameterValue required="true" variableLength="false">System.String</command:parameterValue>
        <dev:type>
          <maml:name>System.String</maml:name>
          <maml:uri />
        </dev:type>
        <dev:defaultValue>None</dev:defaultValue>
      </command:parameter>
      <command:parameter required="false" variableLength="true" globbing="false" pipelineInput="false" position="named" aliases="none">
        <maml:name>FileDigest</maml:name>
        <maml:Description>
          <maml:para>The name of the digest algorithm used for hashing the file being signed.</maml:para>
        </maml:Description>
        <command:parameterValue required="false" variableLength="false">System.String</command:parameterValue>
        <dev:type>
          <maml:name>System.String</maml:name>
          <maml:uri />
        </dev:type>
        <dev:defaultValue>None</dev:defaultValue>
      </command:parameter>
      <command:parameter required="false" variableLength="true" globbing="false" pipelineInput="false" position="named" aliases="none">
        <maml:name>FilesFolder</maml:name>
        <maml:Description>
          <maml:para>The folder containing files to be signed. Can be combined with the file-catalog input.</maml:para>
        </maml:Description>
        <command:parameterValue required="false" variableLength="false">System.String</command:parameterValue>
        <dev:type>
          <maml:name>System.String</maml:name>
          <maml:uri />
        </dev:type>
        <dev:defaultValue>None</dev:defaultValue>
      </command:parameter>
      <command:parameter required="false" variableLength="true" globbing="false" pipelineInput="false" position="named" aliases="none">
        <maml:name>FilesFolderFilter</maml:name>
        <maml:Description>
          <maml:para>A comma separated list of file extensions that determines which types of files will be signed in the folder specified by the files-folder input. Any file type not included in this list will not be signed. If this input is not used, all files in the folder will be signed.</maml:para>
        </maml:Description>
        <command:parameterValue required="false" variableLength="false">System.String</command:parameterValue>
        <dev:type>
          <maml:name>System.String</maml:name>
          <maml:uri />
        </dev:type>
        <dev:defaultValue>None</dev:defaultValue>
      </command:parameter>
      <command:parameter required="false" variableLength="true" globbing="false" pipelineInput="false" position="named" aliases="none">
        <maml:name>FilesFolderRecurse</maml:name>
        <maml:Description>
          <maml:para>Search the folder specified by the files-folder parameter recursively.</maml:para>
        </maml:Description>
        <command:parameterValue required="false" variableLength="false">SwitchParameter</command:parameterValue>
        <dev:type>
          <maml:name>SwitchParameter</maml:name>
          <maml:uri />
        </dev:type>
        <dev:defaultValue>False</dev:defaultValue>
      </command:parameter>
      <command:parameter required="false" variableLength="true" globbing="false" pipelineInput="false" position="named" aliases="none">
        <maml:name>FilesFolderDepth</maml:name>
        <maml:Description>
          <maml:para>The depth of the recursive search toggled by the files-folder-recursive parameter.</maml:para>
        </maml:Description>
        <command:parameterValue required="false" variableLength="false">System.Int</command:parameterValue>
        <dev:type>
          <maml:name>System.Int</maml:name>
          <maml:uri />
        </dev:type>
        <dev:defaultValue>None</dev:defaultValue>
      </command:parameter>
      <command:parameter required="false" variableLength="true" globbing="false" pipelineInput="false" position="named" aliases="none">
        <maml:name>FilesCatalog</maml:name>
        <maml:Description>
          <maml:para>A file containing a list of relative paths to the files being signed. The paths should be relative to the location of the catalog file. Each file path should be on a separate line. Can be combined with the files-folder parameter.</maml:para>
        </maml:Description>
        <command:parameterValue required="false" variableLength="false">System.String</command:parameterValue>
        <dev:type>
          <maml:name>System.String</maml:name>
          <maml:uri />
        </dev:type>
        <dev:defaultValue>None</dev:defaultValue>
      </command:parameter>
      <command:parameter required="false" variableLength="true" globbing="false" pipelineInput="false" position="named" aliases="none">
        <maml:name>TimestampRfc3161</maml:name>
        <maml:Description>
          <maml:para>A URL to an RFC3161 compliant timestamping service.</maml:para>
        </maml:Description>
        <command:parameterValue required="false" variableLength="false">System.String</command:parameterValue>
        <dev:type>
          <maml:name>System.String</maml:name>
          <maml:uri />
        </dev:type>
        <dev:defaultValue>None</dev:defaultValue>
      </command:parameter>
      <command:parameter required="false" variableLength="true" globbing="false" pipelineInput="false" position="named" aliases="none">
        <maml:name>TimestampDigest</maml:name>
        <maml:Description>
          <maml:para>The name of the digest algorithm used for timestamping.</maml:para>
        </maml:Description>
        <command:parameterValue required="false" variableLength="false">System.String</command:parameterValue>
        <dev:type>
          <maml:name>System.String</maml:name>
          <maml:uri />
        </dev:type>
        <dev:defaultValue>None</dev:defaultValue>
      </command:parameter>
      <command:parameter required="false" variableLength="true" globbing="false" pipelineInput="false" position="named" aliases="none">
        <maml:name>AppendSignature</maml:name>
        <maml:Description>
          <maml:para>Append the signature. If no primary signature is present, this signature is made the primary signature instead.</maml:para>
        </maml:Description>
        <command:parameterValue required="false" variableLength="false">SwitchParameter</command:parameterValue>
        <dev:type>
          <maml:name>SwitchParameter</maml:name>
          <maml:uri />
        </dev:type>
        <dev:defaultValue>False</dev:defaultValue>
      </command:parameter>
      <command:parameter required="false" variableLength="true" globbing="false" pipelineInput="false" position="named" aliases="none">
        <maml:name>Description</maml:name>
        <maml:Description>
          <maml:para>A description of the signed content.</maml:para>
        </maml:Description>
        <command:parameterValue required="false" variableLength="false">System.String</command:parameterValue>
        <dev:type>
          <maml:name>System.String</maml:name>
          <maml:uri />
        </dev:type>
        <dev:defaultValue>None</dev:defaultValue>
      </command:parameter>
      <command:parameter required="false" variableLength="true" globbing="false" pipelineInput="false" position="named" aliases="none">
        <maml:name>DescriptionUrl</maml:name>
        <maml:Description>
          <maml:para>A Uniform Resource Locator (URL) for the expanded description of the signed content.</maml:para>
        </maml:Description>
        <command:parameterValue required="false" variableLength="false">System.String</command:parameterValue>
        <dev:type>
          <maml:name>System.String</maml:name>
          <maml:uri />
        </dev:type>
        <dev:defaultValue>None</dev:defaultValue>
      </command:parameter>
      <command:parameter required="false" variableLength="true" globbing="false" pipelineInput="false" position="named" aliases="none">
        <maml:name>GenerateDigestPath</maml:name>
        <maml:Description>
          <maml:para>Generates the digest to be signed and the unsigned PKCS7 files at this path. The output digest and PKCS7 files will be path\FileName.dig and path\FileName.p7u. To output an additional XML file, see "GenerateDigestXml".</maml:para>
        </maml:Description>
        <command:parameterValue required="false" variableLength="false">System.String</command:parameterValue>
        <dev:type>
          <maml:name>System.String</maml:name>
          <maml:uri />
        </dev:type>
        <dev:defaultValue>None</dev:defaultValue>
      </command:parameter>
      <command:parameter required="false" variableLength="true" globbing="false" pipelineInput="false" position="named" aliases="none">
        <maml:name>GenerateDigestXml</maml:name>
        <maml:Description>
          <maml:para>Produce an XML file when the "GenerateDigestPath" parameter is used. The output file will be Path\FileName.dig.xml.</maml:para>
        </maml:Description>
        <command:parameterValue required="false" variableLength="false">SwitchParameter</command:parameterValue>
        <dev:type>
          <maml:name>SwitchParameter</maml:name>
          <maml:uri />
        </dev:type>
        <dev:defaultValue>False</dev:defaultValue>
      </command:parameter>
      <command:parameter required="false" variableLength="true" globbing="false" pipelineInput="false" position="named" aliases="none">
        <maml:name>IngestDigestPath</maml:name>
        <maml:Description>
          <maml:para>Creates the signature by ingesting the signed digest to the unsigned PKCS7 file at this path. The input signed digest and unsigned PKCS7 files should be path\FileName.dig.signed and path\FileName.p7u.</maml:para>
        </maml:Description>
        <command:parameterValue required="false" variableLength="false">System.String</command:parameterValue>
        <dev:type>
          <maml:name>System.String</maml:name>
          <maml:uri />
        </dev:type>
        <dev:defaultValue>None</dev:defaultValue>
      </command:parameter>
      <command:parameter required="false" variableLength="true" globbing="false" pipelineInput="false" position="named" aliases="none">
        <maml:name>SignDigest</maml:name>
        <maml:Description>
          <maml:para>Sign only the digest. The input file should be the digest generated by the "GenerateDigestPath" parameter. The output file will be File.signed.</maml:para>
        </maml:Description>
        <command:parameterValue required="false" variableLength="false">SwitchParameter</command:parameterValue>
        <dev:type>
          <maml:name>SwitchParameter</maml:name>
          <maml:uri />
        </dev:type>
        <dev:defaultValue>False</dev:defaultValue>
      </command:parameter>
      <command:parameter required="false" variableLength="true" globbing="false" pipelineInput="false" position="named" aliases="none">
        <maml:name>GeneratePageHashes</maml:name>
        <maml:Description>
          <maml:para>Generate page hashes for executable files.</maml:para>
        </maml:Description>
        <command:parameterValue required="false" variableLength="false">SwitchParameter</command:parameterValue>
        <dev:type>
          <maml:name>SwitchParameter</maml:name>
          <maml:uri />
        </dev:type>
        <dev:defaultValue>False</dev:defaultValue>
      </command:parameter>
      <command:parameter required="false" variableLength="true" globbing="false" pipelineInput="false" position="named" aliases="none">
        <maml:name>SuppressPageHashes</maml:name>
        <maml:Description>
          <maml:para>Suppress page hashes for executable files. The default is determined by the SIGNTOOL_PAGE_HASHES environment variable and by the wintrust.dll version. This parameter is ignored for non-PE files.</maml:para>
        </maml:Description>
        <command:parameterValue required="false" variableLength="false">SwitchParameter</command:parameterValue>
        <dev:type>
          <maml:name>SwitchParameter</maml:name>
          <maml:uri />
        </dev:type>
        <dev:defaultValue>False</dev:defaultValue>
      </command:parameter>
      <command:parameter required="false" variableLength="true" globbing="false" pipelineInput="false" position="named" aliases="none">
        <maml:name>GeneratePkcs7</maml:name>
        <maml:Description>
          <maml:para>Produce a Public Key Cryptography Standards (PKCS) #7 file for each specified content file. PKCS #7 files are named path\filename.p7.</maml:para>
        </maml:Description>
        <command:parameterValue required="false" variableLength="false">SwitchParameter</command:parameterValue>
        <dev:type>
          <maml:name>SwitchParameter</maml:name>
          <maml:uri />
        </dev:type>
        <dev:defaultValue>False</dev:defaultValue>
      </command:parameter>
      <command:parameter required="false" variableLength="true" globbing="false" pipelineInput="false" position="named" aliases="none">
        <maml:name>Pkcs7Options</maml:name>
        <maml:Description>
          <maml:para>Options for the signed PKCS #7 content. Set value to "Embedded" to embed the signed content in the PKCS #7 file, or to "DetachedSignedData" to produce the signed data portion of a detached PKCS #7 file. If this parameter is not used, the signed content is embedded by default.</maml:para>
        </maml:Description>
        <command:parameterValue required="false" variableLength="false">System.String</command:parameterValue>
        <dev:type>
          <maml:name>System.String</maml:name>
          <maml:uri />
        </dev:type>
        <dev:defaultValue>None</dev:defaultValue>
      </command:parameter>
      <command:parameter required="false" variableLength="true" globbing="false" pipelineInput="false" position="named" aliases="none">
        <maml:name>Pkcs7Oid</maml:name>
        <maml:Description>
          <maml:para>The object identifier (OID) that identifies the signed PKCS #7 content.</maml:para>
        </maml:Description>
        <command:parameterValue required="false" variableLength="false">System.String</command:parameterValue>
        <dev:type>
          <maml:name>System.String</maml:name>
          <maml:uri />
        </dev:type>
        <dev:defaultValue>None</dev:defaultValue>
      </command:parameter>
      <command:parameter required="false" variableLength="true" globbing="false" pipelineInput="false" position="named" aliases="none">
        <maml:name>EnhancedKeyUsage</maml:name>
        <maml:Description>
          <maml:para>The enhanced key usage (EKU) that must be present in the signing certificate. The usage value can be specified by OID or string. The default usage is "Code Signing" (1.3.6.1.5.5.7.3.3).</maml:para>
        </maml:Description>
        <command:parameterValue required="false" variableLength="false">System.String</command:parameterValue>
        <dev:type>
          <maml:name>System.String</maml:name>
          <maml:uri />
        </dev:type>
        <dev:defaultValue>None</dev:defaultValue>
      </command:parameter>
      <command:parameter required="false" variableLength="true" globbing="false" pipelineInput="false" position="named" aliases="none">
        <maml:name>ExcludeEnvironmentCredential</maml:name>
        <maml:Description>
          <maml:para>Exclude the "EnvironmentCredential" type from being considered when authenticating with "DefaultAzureCredential".</maml:para>
        </maml:Description>
        <command:parameterValue required="false" variableLength="false">SwitchParameter</command:parameterValue>
        <dev:type>
          <maml:name>SwitchParameter</maml:name>
          <maml:uri />
        </dev:type>
        <dev:defaultValue>False</dev:defaultValue>
      </command:parameter>
      <command:parameter required="false" variableLength="true" globbing="false" pipelineInput="false" position="named" aliases="none">
        <maml:name>ExcludeManagedIdentityCredential</maml:name>
        <maml:Description>
          <maml:para>Exclude the "ManagedIdentity and the .NET 6 runtime to be installedCredential" type from being considered when authenticating with "DefaultAzureCredential".</maml:para>
        </maml:Description>
        <command:parameterValue required="false" variableLength="false">SwitchParameter</command:parameterValue>
        <dev:type>
          <maml:name>SwitchParameter</maml:name>
          <maml:uri />
        </dev:type>
        <dev:defaultValue>False</dev:defaultValue>
      </command:parameter>
      <command:parameter required="false" variableLength="true" globbing="false" pipelineInput="false" position="named" aliases="none">
        <maml:name>ExcludeSharedTokenCacheCredential</maml:name>
        <maml:Description>
          <maml:para>Exclude the "SharedTokenCacheCredential" type from being considered when authenticating with "DefaultAzureCredential".</maml:para>
        </maml:Description>
        <command:parameterValue required="false" variableLength="false">SwitchParameter</command:parameterValue>
        <dev:type>
          <maml:name>SwitchParameter</maml:name>
          <maml:uri />
        </dev:type>
        <dev:defaultValue>False</dev:defaultValue>
      </command:parameter>
      <command:parameter required="false" variableLength="true" globbing="false" pipelineInput="false" position="named" aliases="none">
        <maml:name>ExcludeVisualStudioCredential</maml:name>
        <maml:Description>
          <maml:para>Exclude the "VisualStudioCredential" type from being considered when authenticating with "DefaultAzureCredential".</maml:para>
        </maml:Description>
        <command:parameterValue required="false" variableLength="false">SwitchParameter</command:parameterValue>
        <dev:type>
          <maml:name>SwitchParameter</maml:name>
          <maml:uri />
        </dev:type>
        <dev:defaultValue>False</dev:defaultValue>
      </command:parameter>
      <command:parameter required="false" variableLength="true" globbing="false" pipelineInput="false" position="named" aliases="none">
        <maml:name>ExcludeVisualStudioCodeCredential</maml:name>
        <maml:Description>
          <maml:para>Exclude the "VisualStudioCodeCredential" type from being considered when authenticating with "DefaultAzureCredential".</maml:para>
        </maml:Description>
        <command:parameterValue required="false" variableLength="false">SwitchParameter</command:parameterValue>
        <dev:type>
          <maml:name>SwitchParameter</maml:name>
          <maml:uri />
        </dev:type>
        <dev:defaultValue>False</dev:defaultValue>
      </command:parameter>
      <command:parameter required="false" variableLength="true" globbing="false" pipelineInput="false" position="named" aliases="none">
        <maml:name>ExcludeAzureCliCredential</maml:name>
        <maml:Description>
          <maml:para>Exclude the "AzureCliCredential" type from being considered when authenticating with "DefaultAzureCredential".</maml:para>
        </maml:Description>
        <command:parameterValue required="false" variableLength="false">SwitchParameter</command:parameterValue>
        <dev:type>
          <maml:name>SwitchParameter</maml:name>
          <maml:uri />
        </dev:type>
        <dev:defaultValue>False</dev:defaultValue>
      </command:parameter>
      <command:parameter required="false" variableLength="true" globbing="false" pipelineInput="false" position="named" aliases="none">
        <maml:name>ExcludeAzurePowerShellCredential</maml:name>
        <maml:Description>
          <maml:para>Exclude the "AzurePowerShellCredential" type from being considered when authenticating with "DefaultAzureCredential".</maml:para>
        </maml:Description>
        <command:parameterValue required="false" variableLength="false">SwitchParameter</command:parameterValue>
        <dev:type>
          <maml:name>SwitchParameter</maml:name>
          <maml:uri />
        </dev:type>
        <dev:defaultValue>False</dev:defaultValue>
      </command:parameter>
      <command:parameter required="false" variableLength="true" globbing="false" pipelineInput="false" position="named" aliases="none">
        <maml:name>ExcludeInteractiveBrowserCredential</maml:name>
        <maml:Description>
          <maml:para>Exclude the "InteractiveBrowserCredential" type from being considered when authenticating with "DefaultAzureCredential".</maml:para>
        </maml:Description>
        <command:parameterValue required="false" variableLength="false">SwitchParameter</command:parameterValue>
        <dev:type>
          <maml:name>SwitchParameter</maml:name>
          <maml:uri />
        </dev:type>
        <dev:defaultValue>False</dev:defaultValue>
      </command:parameter>
      <command:parameter required="false" variableLength="true" globbing="false" pipelineInput="false" position="named" aliases="none">
        <maml:name>Timeout</maml:name>
        <maml:Description>
          <maml:para>The number of seconds that the Trusted Signing service will wait for all files to be signed before it exits.</maml:para>
        </maml:Description>
        <command:parameterValue required="false" variableLength="false">System.Int</command:parameterValue>
        <dev:type>
          <maml:name>System.Int</maml:name>
          <maml:uri />
        </dev:type>
        <dev:defaultValue>300</dev:defaultValue>
      </command:parameter>
      <command:parameter required="false" variableLength="true" globbing="false" pipelineInput="false" position="named" aliases="none">
        <maml:name>BatchSize</maml:name>
        <maml:Description>
          <maml:para>The summed length of file paths that can be signed with each signtool call. This parameter should only be relevant if you are signing a large number of files. Increasing the value may result in performance gains at the risk of potentially hitting your system's maximum command length limit. The minimum value is 0 and the maximum value is 30000. A value of 0 means that every file will be signed with an individual call to signtool.</maml:para>
        </maml:Description>
        <command:parameterValue required="false" variableLength="false">System.Int</command:parameterValue>
        <dev:type>
          <maml:name>System.Int</maml:name>
          <maml:uri />
        </dev:type>
        <dev:defaultValue>10000</dev:defaultValue>
      </command:parameter>
    </command:parameters>
    <command:inputTypes>
      <command:inputType>
        <dev:type>
          <maml:name>None</maml:name>
        </dev:type>
        <maml:description>
          <maml:para></maml:para>
        </maml:description>
      </command:inputType>
    </command:inputTypes>
    <command:returnValues>
      <command:returnValue>
        <dev:type>
          <maml:name>System.String</maml:name>
        </dev:type>
        <maml:description>
          <maml:para>A message indicating that the files were signed successfully.</maml:para>
        </maml:description>
      </command:returnValue>
    </command:returnValues>
    <maml:alertSet>
    </maml:alertSet>
    <command:examples>
      <command:example>
        <maml:title>-------------------------- Example 1 --------------------------</maml:title>
        <dev:code>PS C:\&gt; $params = @{
    Endpoint = "https://wus2.codesigning.azure.net/"
    CodeSigningAccountName = "my-account"
    CertificateProfileName = "my-cert-profile"
    FilesFolder = "bin/Release/net6.0-windows10.0.19041.0/win10-x64/"
    FilesFolderFilter = "exe,dll"
    FileDigest = "SHA256"
    TimestampRfc3161 = "http://timestamp.acs.microsoft.com"
    TimestampDigest = "SHA256"
}
Invoke-TrustedSigning @params</dev:code>
        <dev:remarks>
          <maml:para>Signs and timestamps .exe/.dll files under the given folder with the Trusted Signing service.</maml:para>
        </dev:remarks>
      </command:example>
    </command:examples>
    <maml:relatedLinks>
      <maml:navigationLink>
        <maml:linkText>.NET 6 runtime:</maml:linkText>
        <maml:uri>https://dotnet.microsoft.com/download/dotnet/6.0</maml:uri>
      </maml:navigationLink>
      <maml:navigationLink>
        <maml:linkText>DefaultAzureCredential:</maml:linkText>
        <maml:uri>https://learn.microsoft.com/dotnet/api/azure.identity.defaultazurecredential</maml:uri>
      </maml:navigationLink>
      <maml:navigationLink>
        <maml:linkText>GitHub Action:</maml:linkText>
        <maml:uri>https://github.com/azure/trusted-signing-action</maml:uri>
      </maml:navigationLink>
      <maml:navigationLink>
        <maml:linkText>Azure Pipelines Task:</maml:linkText>
        <maml:uri>https://marketplace.visualstudio.com/items?itemName=VisualStudioClient.TrustedSigning</maml:uri>
      </maml:navigationLink>
    </maml:relatedLinks>
  </command:command>
</helpItems>
